e;147003;'cherche';1;
e;6955;'points';1;
e;11687;'fouille';1;
e;23255;'mathématiques';1;
e;36372;'point';1;
e;49679;'part';1;
e;50432;'fosse';1;
e;53314;'jeu';1;
e;60361;'loisirs';1;
e;65524;'bâtiment';1;
e;71458;'rigole';1;
e;73719;'chercher';1;
e;84910;'cherche-pointe';1;
e;98040;'architecture';1;
e;107624;'gabarit';1;
e;117223;'géométrie';1;
e;122355;'tranchée';1;
e;123430;'jeux';1;
e;124828;'excavation';1;
e;142000;'forme';1;
e;142537;'cercle';1;
e;144138;'courbe';1;
e;146731;'fossé';1;
e;155447;'cherché';1;
e;403662;'Cherche';1;
e;1672860;'forme>171870';1;0;
e;2435615;'cercher';1;
e;14287942;'cherche>2946892';1;0;
e;14287943;'cherche>171870';1;0;
e;97706;'fonction';1;
e;112929;'action';1;
e;25795;'cherche-fiche';1;
e;59305;'cherche-fuites';1;
e;113675;'cherche-pôles';1;
e;2427081;'cherche-midi';1;
e;2464762;'cherche-merde';1;
e;56326;'cerce';1;
e;177031;'cerche';1;
e;12663689;'be7d37ef4fc3114afc09d3441b1f7395';200;
e;12663893;'e5203bd985b74a6f80c8b3ad958861cf';200;
e;12664688;'a32bdbb01c7f2e1b5331fac9b3a77b9a';200;
e;12666110;'b27343a24c2d128fa54cbe8ddef620db';200;
e;12668004;'b4e60c89eeb619e7a0a60f94d8c64486';200;
e;12669052;'c70cd8dfc87d8195128506754cb0c536';200;
e;12669628;'b77565d70605f83f88adaaf81064a2e5';200;
e;12673128;'fa3788e0393148cd9ae8db2617e76a0b';200;
e;12675361;'ea586a83f7ca0c4719d816fc0e958cf5';200;
e;12676657;'bc7f70bbcc023eef92719e5474291b08';200;
e;12679683;'ed075c39cb3ecdf2d3f10e3c50957684';200;
e;12680477;'e54dcc13180c56cebd65030fcd5ddb64';200;
e;12681272;'ef231057851fa55aebcdd15192843a67';200;
e;12683124;'ae9132fd7e54ce745b177e56613187cb';200;
e;12683688;'c7736856efd4026aeee67982fa6906d4';200;
e;12684366;'aef5719415311493bf50e00e88985483';200;
e;12684473;'dd1dd80bd23bad3c4c2992b861bfdab3';200;
e;12684477;'b738b88c6b1bce224ba98857782bc358';200;
e;12684939;'ae2d104031d0c8d019cd975db4883390';200;
e;12690510;'c04fe8741be7ef166bb20d7ade039710';200;
e;12690518;'c14063e26d5f2ec5f8cf49a904cb3427';200;
e;12690621;'e1bc5b9a50f2e5034460001ee8c5a096';200;
e;12690988;'bfbbb05dfdc602be33fe817e5033aa29';200;
e;12691082;'f30dc691517702bd30180680d59a1add';200;
e;12691589;'b66d939bfa577ff703338e623432cc26';200;
e;12692552;'d9bebbf283a034302c90e4d62a4f6469';200;
e;12693183;'c539c73110ca05707561b539900b2230';200;
e;12694269;'a1f407ea6ed5eb46de5e195f04b45be3';200;
e;12696780;'f445d90a89624629ba0b525752a6161a';200;
e;12709290;'a3c8b17a9a2e352e4d3ec38721a62e1f';200;
e;12714137;'ee60f61cc664100894a4065e4d12bfcd';200;
e;12715329;'fbd1f72de1059e9269312f71bd9a6699';200;
e;12715559;'bbcea7132ca22bc800a2604b2d526b8e';200;
e;12716475;'e18094ec99d76594818d7fae0c6b0b44';200;
e;12716706;'e9648b760e8ff647bf1e30b76aa1dd22';200;
e;12716864;'a5be134cf150c5b3e59f7e4209614673';200;
e;12718531;'bc8248c70c537f7edafdd892c3cb61df';200;
e;12718565;'c20be02e995009907d8910eef1cbaa36';200;
e;12718935;'b4c2d885719b68adb2f63995c49dab41';200;
e;12719070;'d7c606ccd88902990179e337ef380052';200;
e;12719890;'c4a261a3f0f5077f28964ed4ea5f591c';200;
e;12720410;'c7bc06fd68c0ce1abd22ebb2cde2a9b5';200;
e;12721144;'efc87a3c6de3d000e866ff3f942fded6';200;
e;12722009;'f53c302646c5eefc15696217f4231b71';200;
e;12722012;'ba1e67e563d2b0808132fe4ae42adeeb';200;
e;12722050;'b05281cecf5335ac8c0e39b75f7e75cb';200;
e;12725647;'b29e31d28e93ca51d321e90cd7ae7792';200;
e;12726232;'ba8b515616df6a5bb173344560d26ea5';200;
e;12729891;'f92b3359d57f587bb2f2bcd877a6dcf1';200;
e;12731155;'e2679e71568dd72313ebb0a7c825edb4';200;
e;12731827;'b4a218f81bb69e803a7312c7814534f8';200;
e;12732142;'cc3f4981c4445fcc258cc4297d1fa3f2';200;
e;12732315;'d3f052de58e5ee438c1f5af38a989823';200;
e;12732493;'eff9c345e600c84aee4aa9ac5d10f5c7';200;
e;12732836;'aa90522469b5c6aef7011403dedf1b2f';200;
e;12736811;'a2b28bc56226caa5754a3a4ec5f55b1e';200;
e;12737520;'ffdd58ffad41eba0a3ad1d9fcb4af585';200;
e;12737666;'e1945680c2c5526a37da7dd2e7ed15e8';200;
e;12771204;'b3f40ea5aba84a479bd46bb053045104';200;
e;12772186;'de4db99944d966c50623292e668baaad';200;
e;12773836;'be7d963c2919503a67a2b60e5ee5873c';200;
e;12774892;'fd7617dc4800451251c605fb1594abc1';200;
e;12774907;'ac73c3ea4c1f08c55e21fb25a42f8d19';200;
e;12784147;'e708fa8cc759a9f32ac644912b5bcd26';200;
e;12784254;'fed1c24de3fc3f32cbbdd669e5ac9b9b';200;
e;12784495;'ecb0101326aee2ffa7a1f9c728d16505';200;
e;12784530;'f72ea3fea98f29ca19f28687a77a556d';200;
e;12784553;'d19ae72eb5af32985483e55392d53cfe';200;
e;12789523;'a77f9452ce9baa5b384325b96e5a06db';200;
e;12790584;'a19535988925adeb1ac66bfff88e0d85';200;
e;12792212;'c537b9bfcd877a254cfae0119d6ffc4a';200;
e;12792464;'e52bda78ee9e1cdf881d2454f6335a5e';200;
e;12825658;'e45ddbfac83fe6d52bf8c759100a2609';200;
e;12827134;'bb834cab20c9f001544bbd2747e2f4ef';200;
e;12864415;'b4a749085e1eddbb2e690fc2cf968484';200;
e;12882875;'dcd420c0f3a3c229bdb53ea51d34275e';200;
e;12885133;'b4c96271c8dd784ded9c0e90e531b193';200;
e;12904688;'a2402a0ab2233087232d7d07c77b8bc4';200;
e;12906426;'e08e92c187c09e49ea8112ef2b08f94c';200;
e;12979684;'aab03f2d167cdcbd5c2eb52aed8fa92e';200;
e;12987050;'c18435cf6b6f7f6d814fb26e453a81b6';200;
e;12987620;'d0c80f524553b150517a1dccb83f0d9d';200;
e;12995361;'f23aee313f2fde951c74ff235a57b25e';200;
e;13076808;'ac8b12c2d19691e0c3816b029f9ae716';200;
e;13281564;'be0acadf3a55aba4d7691cbaffe1c9b1';200;
e;13305118;'fbe86a8829bf47b61e875b3bf47641e2';200;
e;13307151;'b118f4c162003c2eb3e7c328ff345730';200;
e;13312892;'c90977b0d2fa260683f8e18c76a3d5c7';200;
e;13318224;'d04a124d81348c313b14f01f17ea962c';200;
e;13535369;'c2c99445e967d38d5cb0fce7959256b0';200;
e;13536991;'ee7e40641ad823f4ce6510c43e099739';200;
e;13547771;'dfa1c6af6c8d13fcd33de6d5a05add56';200;
e;13568900;'a67c05caabf15365ca8425099efa4c31';200;
e;13573284;'d55e69920b475cddcc1cfacbbff6ca5f';200;
e;13595084;'f9a7294d6b958352e55c7a096a91c163';200;
e;13596698;'d1a5ff4ce82f7fff68dad6a4d6301bc3';200;
e;13614775;'c5ce9212076aec54ea98c0943cbfb605';200;
e;13628028;'bf13cf58ea54ae5b609b8bff0acc0cab';200;
e;13628201;'fa0ca0ddea6745452496bc4a02c1eb90';200;
e;13629465;'aaae2a1c6703028af2d50f808e7f7e9a';200;
e;13635596;'a2a8c797e0c109d4f973396d81fc0b68';200;
e;13635909;'b1f7aac386e34d48d77c90c8548d67cc';200;
e;13635973;'eb447bd5855cb3452e7bbe55ec6ad09c';200;
e;13640182;'e1873dd0cd3d0eee5d927329a167336e';200;
e;13656128;'bb74d789fef0fc7c47597ceb26ee008a';200;
e;13666391;'e7e5cc659d078f79ddbc3f5385b92c3c';200;
e;13681712;'e5227cdb4aab90af5a73c555d9eb7756';200;
e;13684254;'b348f663e1547526f3bee0641953f128';200;
e;13684917;'d95182f91af8b552a8852c5bfa89c4bc';200;
e;13728020;'fb5cdbfd03cbd50d18f54d41f3da63b2';200;
e;13731447;'fb8bf41d7bd0cd84bdf8c9b676c3aaa1';200;
e;13738580;'dfd76e3d762705703b2f5f1a7c22737d';200;
e;13815396;'a71a4f07d091d29b675127b0e70f3a34';200;
e;13839868;'f27bb72b0ce0abca698731b0b3d7a880';200;
e;13865856;'ad42620aed8a23222020e0897df736ce';200;
e;13981960;'e3054574c8f40a842e6e77c07b4b36ac';200;
e;13986154;'a4d59f7c5f30628d8a9679b366d22a5e';200;
e;13992302;'a1f9df034423749fff84e12afd61b411';200;
e;13993819;'e9439d21cc73f2d79e795378ee047b14';200;
e;13994177;'b1483804f8840b3e1d0ee00ae6744de2';200;
e;13997205;'bf1634e097d91fdc782136e0d6edb2ba';200;
e;13997488;'e1576681e7aad251a43dcc3a6da4f5e5';200;
e;14002169;'bf634db7ca9041905d84ad8a1bbd1a1b';200;
e;14003532;'e39339eecd274ba583b34816b452d7f5';200;
e;14004341;'b687e67f8769828ed9db1ea64859e859';200;
e;14009485;'afebec206494ea8d8788d114640df00b';200;
e;14026174;'bd3a2c130955c03a52bc5ebeb3025aab';200;
e;14040922;'b0f155c3479fd3bb8b4357416bea4b79';200;
e;14070024;'e6cf0cc544ab75e8eacbe2446cebe64e';200;
e;14094101;'e4711181e3cb3ca03aa41e65c1afa9d6';200;
e;14095640;'db59ab7ae91b5703e8ec8b134a929642';200;
e;14128824;'ed48f51ca8935d3c7c3900b97575b9cc';200;
e;14156190;'cc7379ad91ca940811cfa9f32851ca96';200;
e;14174208;'a6dbe6a5b7487a51d22c8236d9772a22';200;
e;14169172;'ed8626b2660ed183ff52911a075df441';200;
e;14215837;'acf2dde5d46beeee8f006557be6829b6';200;
e;14271115;'a0a765d32f0195b94e8f9f362a313ed1';200;
e;14316932;'ca0c7409801a512e87c596480f453f2d';200;
e;14318305;'be6a24e2ea775699f129126cf4fa2de1';200;
e;14318412;'a183207996bae530f51985a0db0ceafa';200;
e;14326527;'bd98f1a0b2ac6efc71a3768b396030b2';200;
e;14326550;'fee0f8cfef21244619e2d27d18f45da0';200;
e;14356372;'f1448e90e965dbba7b90aa80c2b760d4';200;
e;14387939;'f12dcb431d858ccd3ee031bbe7cf4f7d';200;
e;14416566;'b23e1f881bc9095288f49e5880dfa848';200;
e;14428338;'c762227994f3433c781a101d6c8fc6c5';200;
e;14454959;'ed85ce4d5cbc4490951d06688c408ded';200;
e;14484094;'d45f52953eb037f36163d72935d5cdce';200;
e;14539892;'e12b99e899e16ad408d8fb156e956055';200;
e;14558151;'b6110dc4a6ba7b23368cd9ad1c6d8482';200;
e;14561147;'bb48ff712629941282cf6f57575c63d7';200;
e;14561159;'e51bc05cb57fddce09cc336224dd2e72';200;
e;14610245;'e717f4fe8617d63649b7b80ec659a38f';200;
e;14639441;'b71b6980e28c75690bd325087b50af20';200;
e;14737729;'d2c0b726e57156a2324bf1bb1fb7dde8';200;
e;14752849;'a7b92c6b1f965cc9ac1e877e7f64899f';200;
e;14779203;'e7fcb4f6f7d886d952dd1b87cca55c41';200;
e;14884204;'b9cc57621d0030aa2b4716a69433cf95';200;
e;15518904;'a70a3cc40f8325a8748e5f1a37b465f2';200;
e;15625288;'e36b58ecebe622707ec99b30868d29cb';200;
e;15683659;'dcd7ff19a8ad86271b4d7bb6f83b791d';200;
e;15687148;'eb3d4e2e27fc6606232513ed4d6e2f1d';200;
e;16156352;'afc6712d719e158a320721a9afe2f9a2';200;
e;146547;'Géométrie';1;
e;152507;'Mathématiques';1;
e;17519;'mystifiable';1;
e;6746;'CFP';1;
e;16153218;'tapasya';777;
e;148197;'fouëne';1;
e;11903;'foène';1;
e;16055706;'primodemandeur';1;
e;117729;'courtisan';1;
e;3991;'fontainier';1;
e;2378851;'fontenier';1;
e;72929;'aventurier';1;
e;70614;'dépisteur';1;
e;30459;'chasseur';1;
e;28051;'querelleur';1;
e;73860;'arrangeant';1;
e;129303;'chercheur';1;
e;177032;'cherches';1;
e;2427283;'fosset';1;
e;69288;'fossette';1;
e;71062;'fouine';1;
e;112960;'thésard';1;
